{
  "loss": 0.09957240668144782,
  "accuracy": 98.04639804639804,
  "accuracy@1": 98.04639804639804,
  "accuracy@5": 99.75579975579976
}