{
  "loss": 0.03967881784934274,
  "accuracy": 99.38949938949939,
  "accuracy@1": 99.38949938949939,
  "accuracy@5": 99.87789987789988
}