{
  "loss": 0.05362474990602678,
  "accuracy": 99.26739926739927,
  "accuracy@1": 99.26739926739927,
  "accuracy@5": 99.87789987789988
}