{
  "loss": 0.03689730300093854,
  "accuracy": 0.9938949938949939,
  "accuracy@1": 0.9938949938949939,
  "accuracy@5": 1.0
}
