{
  "loss": 0.08265223545141709,
  "accuracy": 98.29059829059828,
  "accuracy@1": 98.29059829059828,
  "accuracy@5": 99.75579975579976
}