{
  "loss": 0.059885961229040746,
  "accuracy": 99.26739926739927,
  "accuracy@1": 99.26739926739927,
  "accuracy@5": 99.87789987789988
}